"PERIOD";"COMPONENT";"GENDER";"POPULATION_GROUP";"AGE";"VALUE";"UNIT_MEASURE"
2019;"Total";"Total";"Total";"Total";682551;"n"
2019;"Total";"Total";"Total";"Total";12.3011;"%"
2019;"Total";"M";"Total";"Total";362729;"n"
2019;"Total";"M";"Total";"Total";12.9411;"%"
2019;"Total";"F";"Total";"Total";319822;"n"
2019;"Total";"F";"Total";"Total";11.6479;"%"
2019;"Total";"Total";"CH";"Total";418355;"n"
2019;"Total";"Total";"CH";"Total";10.6201;"%"
2019;"Total";"Total";"AUSL";"Total";264196;"n"
2019;"Total";"Total";"AUSL";"Total";16.4157;"%"
2019;"Total";"Total";"Total";"18-24";58437;"n"
2019;"Total";"Total";"Total";"18-24";8.9307;"%"
2019;"Total";"Total";"Total";"25-39";212287;"n"
2019;"Total";"Total";"Total";"25-39";11.8264;"%"
2019;"Total";"Total";"Total";"40-54";227057;"n"
2019;"Total";"Total";"Total";"40-54";12.1999;"%"
2019;"Total";"Total";"Total";"55-65";184770;"n"
2019;"Total";"Total";"Total";"55-65";14.9227;"%"
2019;"ALV";"Total";"Total";"Total";295960;"n"
2019;"ALV";"Total";"Total";"Total";5.3339;"%"
2019;"ALV";"M";"Total";"Total";161859;"n"
2019;"ALV";"M";"Total";"Total";5.7746;"%"
2019;"ALV";"F";"Total";"Total";134101;"n"
2019;"ALV";"F";"Total";"Total";4.8839;"%"
2019;"ALV";"Total";"CH";"Total";155792;"n"
2019;"ALV";"Total";"CH";"Total";3.9548;"%"
2019;"ALV";"Total";"AUSL";"Total";140168;"n"
2019;"ALV";"Total";"AUSL";"Total";8.7093;"%"
2019;"ALV";"Total";"Total";"18-24";29505;"n"
2019;"ALV";"Total";"Total";"18-24";4.5091;"%"
2019;"ALV";"Total";"Total";"25-39";119919;"n"
2019;"ALV";"Total";"Total";"25-39";6.6806;"%"
2019;"ALV";"Total";"Total";"40-54";97973;"n"
2019;"ALV";"Total";"Total";"40-54";5.2641;"%"
2019;"ALV";"Total";"Total";"55-65";48563;"n"
2019;"ALV";"Total";"Total";"55-65";3.9221;"%"
2019;"SH";"Total";"Total";"Total";186437;"n"
2019;"SH";"Total";"Total";"Total";3.36;"%"
2019;"SH";"M";"Total";"Total";94566;"n"
2019;"SH";"M";"Total";"Total";3.3738;"%"
2019;"SH";"F";"Total";"Total";91871;"n"
2019;"SH";"F";"Total";"Total";3.3459;"%"
2019;"SH";"Total";"CH";"Total";97511;"n"
2019;"SH";"Total";"CH";"Total";2.4754;"%"
2019;"SH";"Total";"AUSL";"Total";88926;"n"
2019;"SH";"Total";"AUSL";"Total";5.5254;"%"
2019;"SH";"Total";"Total";"18-24";22917;"n"
2019;"SH";"Total";"Total";"18-24";3.5023;"%"
2019;"SH";"Total";"Total";"25-39";65185;"n"
2019;"SH";"Total";"Total";"25-39";3.6314;"%"
2019;"SH";"Total";"Total";"40-54";64362;"n"
2019;"SH";"Total";"Total";"40-54";3.4582;"%"
2019;"SH";"Total";"Total";"55-65";33973;"n"
2019;"SH";"Total";"Total";"55-65";2.7438;"%"
2019;"IV";"Total";"Total";"Total";232709;"n"
2019;"IV";"Total";"Total";"Total";4.194;"%"
2019;"IV";"M";"Total";"Total";123800;"n"
2019;"IV";"M";"Total";"Total";4.4168;"%"
2019;"IV";"F";"Total";"Total";108909;"n"
2019;"IV";"F";"Total";"Total";3.9665;"%"
2019;"IV";"Total";"CH";"Total";183822;"n"
2019;"IV";"Total";"CH";"Total";4.6664;"%"
2019;"IV";"Total";"AUSL";"Total";48887;"n"
2019;"IV";"Total";"AUSL";"Total";3.0376;"%"
2019;"IV";"Total";"Total";"18-24";9215;"n"
2019;"IV";"Total";"Total";"18-24";1.4083;"%"
2019;"IV";"Total";"Total";"25-39";38127;"n"
2019;"IV";"Total";"Total";"25-39";2.124;"%"
2019;"IV";"Total";"Total";"40-54";76114;"n"
2019;"IV";"Total";"Total";"40-54";4.0896;"%"
2019;"IV";"Total";"Total";"55-65";109253;"n"
2019;"IV";"Total";"Total";"55-65";8.8237;"%"
2018;"Total";"Total";"Total";"Total";697789;"n"
2018;"Total";"Total";"Total";"Total";12.6284;"%"
2018;"Total";"M";"Total";"Total";370013;"n"
2018;"Total";"M";"Total";"Total";13.2576;"%"
2018;"Total";"F";"Total";"Total";327776;"n"
2018;"Total";"F";"Total";"Total";11.9863;"%"
2018;"Total";"Total";"CH";"Total";428742;"n"
2018;"Total";"Total";"CH";"Total";10.8918;"%"
2018;"Total";"Total";"AUSL";"Total";269047;"n"
2018;"Total";"Total";"AUSL";"Total";16.9299;"%"
2018;"Total";"Total";"Total";"18-24";61394;"n"
2018;"Total";"Total";"Total";"18-24";9.2646;"%"
2018;"Total";"Total";"Total";"25-39";217682;"n"
2018;"Total";"Total";"Total";"25-39";12.1986;"%"
2018;"Total";"Total";"Total";"40-54";235644;"n"
2018;"Total";"Total";"Total";"40-54";12.5638;"%"
2018;"Total";"Total";"Total";"55-65";183069;"n"
2018;"Total";"Total";"Total";"55-65";15.2202;"%"
2018;"ALV";"Total";"Total";"Total";310537;"n"
2018;"ALV";"Total";"Total";"Total";5.62;"%"
2018;"ALV";"M";"Total";"Total";168336;"n"
2018;"ALV";"M";"Total";"Total";6.0315;"%"
2018;"ALV";"F";"Total";"Total";142201;"n"
2018;"ALV";"F";"Total";"Total";5.2001;"%"
2018;"ALV";"Total";"CH";"Total";165422;"n"
2018;"ALV";"Total";"CH";"Total";4.2024;"%"
2018;"ALV";"Total";"AUSL";"Total";145115;"n"
2018;"ALV";"Total";"AUSL";"Total";9.1314;"%"
2018;"ALV";"Total";"Total";"18-24";32122;"n"
2018;"ALV";"Total";"Total";"18-24";4.8473;"%"
2018;"ALV";"Total";"Total";"25-39";126416;"n"
2018;"ALV";"Total";"Total";"25-39";7.0842;"%"
2018;"ALV";"Total";"Total";"40-54";103345;"n"
2018;"ALV";"Total";"Total";"40-54";5.51;"%"
2018;"ALV";"Total";"Total";"55-65";48654;"n"
2018;"ALV";"Total";"Total";"55-65";4.045;"%"
2018;"SH";"Total";"Total";"Total";188111;"n"
2018;"SH";"Total";"Total";"Total";3.4044;"%"
2018;"SH";"M";"Total";"Total";95635;"n"
2018;"SH";"M";"Total";"Total";3.4266;"%"
2018;"SH";"F";"Total";"Total";92476;"n"
2018;"SH";"F";"Total";"Total";3.3817;"%"
2018;"SH";"Total";"CH";"Total";99543;"n"
2018;"SH";"Total";"CH";"Total";2.5288;"%"
2018;"SH";"Total";"AUSL";"Total";88568;"n"
2018;"SH";"Total";"AUSL";"Total";5.5732;"%"
2018;"SH";"Total";"Total";"18-24";23754;"n"
2018;"SH";"Total";"Total";"18-24";3.5846;"%"
2018;"SH";"Total";"Total";"25-39";65713;"n"
2018;"SH";"Total";"Total";"25-39";3.6825;"%"
2018;"SH";"Total";"Total";"40-54";65924;"n"
2018;"SH";"Total";"Total";"40-54";3.5149;"%"
2018;"SH";"Total";"Total";"55-65";32720;"n"
2018;"SH";"Total";"Total";"55-65";2.7203;"%"
2018;"IV";"Total";"Total";"Total";233196;"n"
2018;"IV";"Total";"Total";"Total";4.2203;"%"
2018;"IV";"M";"Total";"Total";124319;"n"
2018;"IV";"M";"Total";"Total";4.4544;"%"
2018;"IV";"F";"Total";"Total";108877;"n"
2018;"IV";"F";"Total";"Total";3.9815;"%"
2018;"IV";"Total";"CH";"Total";183724;"n"
2018;"IV";"Total";"CH";"Total";4.6674;"%"
2018;"IV";"Total";"AUSL";"Total";49472;"n"
2018;"IV";"Total";"AUSL";"Total";3.1131;"%"
2018;"IV";"Total";"Total";"18-24";9024;"n"
2018;"IV";"Total";"Total";"18-24";1.3618;"%"
2018;"IV";"Total";"Total";"25-39";37179;"n"
2018;"IV";"Total";"Total";"25-39";2.0835;"%"
2018;"IV";"Total";"Total";"40-54";78495;"n"
2018;"IV";"Total";"Total";"40-54";4.1851;"%"
2018;"IV";"Total";"Total";"55-65";108498;"n"
2018;"IV";"Total";"Total";"55-65";9.0204;"%"
2017;"Total";"Total";"Total";"Total";718635;"n"
2017;"Total";"Total";"Total";"Total";13.0624;"%"
2017;"Total";"M";"Total";"Total";385063;"n"
2017;"Total";"M";"Total";"Total";13.8578;"%"
2017;"Total";"F";"Total";"Total";333572;"n"
2017;"Total";"F";"Total";"Total";12.2506;"%"
2017;"Total";"Total";"CH";"Total";439709;"n"
2017;"Total";"Total";"CH";"Total";11.195;"%"
2017;"Total";"Total";"AUSL";"Total";278926;"n"
2017;"Total";"Total";"AUSL";"Total";17.7229;"%"
2017;"Total";"Total";"Total";"18-24";66575;"n"
2017;"Total";"Total";"Total";"18-24";9.963;"%"
2017;"Total";"Total";"Total";"25-39";226607;"n"
2017;"Total";"Total";"Total";"25-39";12.785;"%"
2017;"Total";"Total";"Total";"40-54";244128;"n"
2017;"Total";"Total";"Total";"40-54";12.9246;"%"
2017;"Total";"Total";"Total";"55-65";181325;"n"
2017;"Total";"Total";"Total";"55-65";15.4709;"%"
2017;"ALV";"Total";"Total";"Total";328025;"n"
2017;"ALV";"Total";"Total";"Total";5.9624;"%"
2017;"ALV";"M";"Total";"Total";181364;"n"
2017;"ALV";"M";"Total";"Total";6.527;"%"
2017;"ALV";"F";"Total";"Total";146661;"n"
2017;"ALV";"F";"Total";"Total";5.3862;"%"
2017;"ALV";"Total";"CH";"Total";175643;"n"
2017;"ALV";"Total";"CH";"Total";4.4719;"%"
2017;"ALV";"Total";"AUSL";"Total";152382;"n"
2017;"ALV";"Total";"AUSL";"Total";9.6823;"%"
2017;"ALV";"Total";"Total";"18-24";36437;"n"
2017;"ALV";"Total";"Total";"18-24";5.4528;"%"
2017;"ALV";"Total";"Total";"25-39";134383;"n"
2017;"ALV";"Total";"Total";"25-39";7.5818;"%"
2017;"ALV";"Total";"Total";"40-54";109085;"n"
2017;"ALV";"Total";"Total";"40-54";5.7752;"%"
2017;"ALV";"Total";"Total";"55-65";48120;"n"
2017;"ALV";"Total";"Total";"55-65";4.1057;"%"
2017;"SH";"Total";"Total";"Total";192305;"n"
2017;"SH";"Total";"Total";"Total";3.4955;"%"
2017;"SH";"M";"Total";"Total";98142;"n"
2017;"SH";"M";"Total";"Total";3.532;"%"
2017;"SH";"F";"Total";"Total";94163;"n"
2017;"SH";"F";"Total";"Total";3.4582;"%"
2017;"SH";"Total";"CH";"Total";100954;"n"
2017;"SH";"Total";"CH";"Total";2.5703;"%"
2017;"SH";"Total";"AUSL";"Total";91351;"n"
2017;"SH";"Total";"AUSL";"Total";5.8044;"%"
2017;"SH";"Total";"Total";"18-24";25147;"n"
2017;"SH";"Total";"Total";"18-24";3.7633;"%"
2017;"SH";"Total";"Total";"25-39";68111;"n"
2017;"SH";"Total";"Total";"25-39";3.8428;"%"
2017;"SH";"Total";"Total";"40-54";67086;"n"
2017;"SH";"Total";"Total";"40-54";3.5517;"%"
2017;"SH";"Total";"Total";"55-65";31961;"n"
2017;"SH";"Total";"Total";"55-65";2.727;"%"
2017;"IV";"Total";"Total";"Total";234089;"n"
2017;"IV";"Total";"Total";"Total";4.255;"%"
2017;"IV";"M";"Total";"Total";125143;"n"
2017;"IV";"M";"Total";"Total";4.5037;"%"
2017;"IV";"F";"Total";"Total";108946;"n"
2017;"IV";"F";"Total";"Total";4.0011;"%"
2017;"IV";"Total";"CH";"Total";183846;"n"
2017;"IV";"Total";"CH";"Total";4.6807;"%"
2017;"IV";"Total";"AUSL";"Total";50243;"n"
2017;"IV";"Total";"AUSL";"Total";3.1924;"%"
2017;"IV";"Total";"Total";"18-24";8791;"n"
2017;"IV";"Total";"Total";"18-24";1.3156;"%"
2017;"IV";"Total";"Total";"25-39";36426;"n"
2017;"IV";"Total";"Total";"25-39";2.0551;"%"
2017;"IV";"Total";"Total";"40-54";80860;"n"
2017;"IV";"Total";"Total";"40-54";4.2809;"%"
2017;"IV";"Total";"Total";"55-65";108012;"n"
2017;"IV";"Total";"Total";"55-65";9.2157;"%"
2016;"Total";"Total";"Total";"Total";717583;"n"
2016;"Total";"Total";"Total";"Total";13.1119;"%"
2016;"Total";"M";"Total";"Total";385218;"n"
2016;"Total";"M";"Total";"Total";13.9348;"%"
2016;"Total";"F";"Total";"Total";332365;"n"
2016;"Total";"F";"Total";"Total";12.272;"%"
2016;"Total";"Total";"CH";"Total";440296;"n"
2016;"Total";"Total";"CH";"Total";11.2426;"%"
2016;"Total";"Total";"AUSL";"Total";277287;"n"
2016;"Total";"Total";"AUSL";"Total";17.8156;"%"
2016;"Total";"Total";"Total";"18-24";70074;"n"
2016;"Total";"Total";"Total";"18-24";10.3489;"%"
2016;"Total";"Total";"Total";"25-39";225388;"n"
2016;"Total";"Total";"Total";"25-39";12.8425;"%"
2016;"Total";"Total";"Total";"40-54";244890;"n"
2016;"Total";"Total";"Total";"40-54";12.9029;"%"
2016;"Total";"Total";"Total";"55-65";177231;"n"
2016;"Total";"Total";"Total";"55-65";15.5103;"%"
2016;"ALV";"Total";"Total";"Total";329362;"n"
2016;"ALV";"Total";"Total";"Total";6.0182;"%"
2016;"ALV";"M";"Total";"Total";183213;"n"
2016;"ALV";"M";"Total";"Total";6.6275;"%"
2016;"ALV";"F";"Total";"Total";146149;"n"
2016;"ALV";"F";"Total";"Total";5.3963;"%"
2016;"ALV";"Total";"CH";"Total";177492;"n"
2016;"ALV";"Total";"CH";"Total";4.5321;"%"
2016;"ALV";"Total";"AUSL";"Total";151870;"n"
2016;"ALV";"Total";"AUSL";"Total";9.7576;"%"
2016;"ALV";"Total";"Total";"18-24";39464;"n"
2016;"ALV";"Total";"Total";"18-24";5.8283;"%"
2016;"ALV";"Total";"Total";"25-39";135771;"n"
2016;"ALV";"Total";"Total";"25-39";7.7362;"%"
2016;"ALV";"Total";"Total";"40-54";108423;"n"
2016;"ALV";"Total";"Total";"40-54";5.7126;"%"
2016;"ALV";"Total";"Total";"55-65";45704;"n"
2016;"ALV";"Total";"Total";"55-65";3.9998;"%"
2016;"SH";"Total";"Total";"Total";189243;"n"
2016;"SH";"Total";"Total";"Total";3.4579;"%"
2016;"SH";"M";"Total";"Total";96426;"n"
2016;"SH";"M";"Total";"Total";3.4881;"%"
2016;"SH";"F";"Total";"Total";92817;"n"
2016;"SH";"F";"Total";"Total";3.4271;"%"
2016;"SH";"Total";"CH";"Total";99437;"n"
2016;"SH";"Total";"CH";"Total";2.539;"%"
2016;"SH";"Total";"AUSL";"Total";89806;"n"
2016;"SH";"Total";"AUSL";"Total";5.77;"%"
2016;"SH";"Total";"Total";"18-24";25828;"n"
2016;"SH";"Total";"Total";"18-24";3.8144;"%"
2016;"SH";"Total";"Total";"25-39";66781;"n"
2016;"SH";"Total";"Total";"25-39";3.8051;"%"
2016;"SH";"Total";"Total";"40-54";66346;"n"
2016;"SH";"Total";"Total";"40-54";3.4957;"%"
2016;"SH";"Total";"Total";"55-65";30288;"n"
2016;"SH";"Total";"Total";"55-65";2.6506;"%"
2016;"IV";"Total";"Total";"Total";235910;"n"
2016;"IV";"Total";"Total";"Total";4.3106;"%"
2016;"IV";"M";"Total";"Total";125962;"n"
2016;"IV";"M";"Total";"Total";4.5565;"%"
2016;"IV";"F";"Total";"Total";109948;"n"
2016;"IV";"F";"Total";"Total";4.0596;"%"
2016;"IV";"Total";"CH";"Total";184682;"n"
2016;"IV";"Total";"CH";"Total";4.7157;"%"
2016;"IV";"Total";"AUSL";"Total";51228;"n"
2016;"IV";"Total";"AUSL";"Total";3.2914;"%"
2016;"IV";"Total";"Total";"18-24";8979;"n"
2016;"IV";"Total";"Total";"18-24";1.3261;"%"
2016;"IV";"Total";"Total";"25-39";35702;"n"
2016;"IV";"Total";"Total";"25-39";2.0343;"%"
2016;"IV";"Total";"Total";"40-54";83486;"n"
2016;"IV";"Total";"Total";"40-54";4.3987;"%"
2016;"IV";"Total";"Total";"55-65";107743;"n"
2016;"IV";"Total";"Total";"55-65";9.4291;"%"
2015;"Total";"Total";"Total";"Total";699932;"n"
2015;"Total";"Total";"Total";"Total";12.8966;"%"
2015;"Total";"M";"Total";"Total";375698;"n"
2015;"Total";"M";"Total";"Total";13.7219;"%"
2015;"Total";"F";"Total";"Total";324234;"n"
2015;"Total";"F";"Total";"Total";12.0564;"%"
2015;"Total";"Total";"CH";"Total";432175;"n"
2015;"Total";"Total";"CH";"Total";11.0591;"%"
2015;"Total";"Total";"AUSL";"Total";267757;"n"
2015;"Total";"Total";"AUSL";"Total";17.6226;"%"
2015;"Total";"Total";"Total";"18-24";69140;"n"
2015;"Total";"Total";"Total";"18-24";10.203;"%"
2015;"Total";"Total";"Total";"25-39";215371;"n"
2015;"Total";"Total";"Total";"25-39";12.4558;"%"
2015;"Total";"Total";"Total";"40-54";241630;"n"
2015;"Total";"Total";"Total";"40-54";12.7028;"%"
2015;"Total";"Total";"Total";"55-65";173791;"n"
2015;"Total";"Total";"Total";"55-65";15.5401;"%"
2015;"ALV";"Total";"Total";"Total";314326;"n"
2015;"ALV";"Total";"Total";"Total";5.7916;"%"
2015;"ALV";"M";"Total";"Total";175167;"n"
2015;"ALV";"M";"Total";"Total";6.3978;"%"
2015;"ALV";"F";"Total";"Total";139159;"n"
2015;"ALV";"F";"Total";"Total";5.1745;"%"
2015;"ALV";"Total";"CH";"Total";169969;"n"
2015;"ALV";"Total";"CH";"Total";4.3494;"%"
2015;"ALV";"Total";"AUSL";"Total";144357;"n"
2015;"ALV";"Total";"AUSL";"Total";9.501;"%"
2015;"ALV";"Total";"Total";"18-24";38993;"n"
2015;"ALV";"Total";"Total";"18-24";5.7542;"%"
2015;"ALV";"Total";"Total";"25-39";128609;"n"
2015;"ALV";"Total";"Total";"25-39";7.438;"%"
2015;"ALV";"Total";"Total";"40-54";103999;"n"
2015;"ALV";"Total";"Total";"40-54";5.4673;"%"
2015;"ALV";"Total";"Total";"55-65";42725;"n"
2015;"ALV";"Total";"Total";"55-65";3.8204;"%"
2015;"SH";"Total";"Total";"Total";182912;"n"
2015;"SH";"Total";"Total";"Total";3.3703;"%"
2015;"SH";"M";"Total";"Total";92753;"n"
2015;"SH";"M";"Total";"Total";3.3877;"%"
2015;"SH";"F";"Total";"Total";90159;"n"
2015;"SH";"F";"Total";"Total";3.3525;"%"
2015;"SH";"Total";"CH";"Total";96642;"n"
2015;"SH";"Total";"CH";"Total";2.473;"%"
2015;"SH";"Total";"AUSL";"Total";86270;"n"
2015;"SH";"Total";"AUSL";"Total";5.6779;"%"
2015;"SH";"Total";"Total";"18-24";25402;"n"
2015;"SH";"Total";"Total";"18-24";3.7486;"%"
2015;"SH";"Total";"Total";"25-39";64094;"n"
2015;"SH";"Total";"Total";"25-39";3.7068;"%"
2015;"SH";"Total";"Total";"40-54";64484;"n"
2015;"SH";"Total";"Total";"40-54";3.39;"%"
2015;"SH";"Total";"Total";"55-65";28932;"n"
2015;"SH";"Total";"Total";"55-65";2.5871;"%"
2015;"IV";"Total";"Total";"Total";238955;"n"
2015;"IV";"Total";"Total";"Total";4.4029;"%"
2015;"IV";"M";"Total";"Total";127836;"n"
2015;"IV";"M";"Total";"Total";4.6691;"%"
2015;"IV";"F";"Total";"Total";111119;"n"
2015;"IV";"F";"Total";"Total";4.1319;"%"
2015;"IV";"Total";"CH";"Total";186330;"n"
2015;"IV";"Total";"CH";"Total";4.7681;"%"
2015;"IV";"Total";"AUSL";"Total";52625;"n"
2015;"IV";"Total";"AUSL";"Total";3.4636;"%"
2015;"IV";"Total";"Total";"18-24";8961;"n"
2015;"IV";"Total";"Total";"18-24";1.3224;"%"
2015;"IV";"Total";"Total";"25-39";35135;"n"
2015;"IV";"Total";"Total";"25-39";2.032;"%"
2015;"IV";"Total";"Total";"40-54";86297;"n"
2015;"IV";"Total";"Total";"40-54";4.5367;"%"
2015;"IV";"Total";"Total";"55-65";108562;"n"
2015;"IV";"Total";"Total";"55-65";9.7074;"%"
2014;"Total";"Total";"Total";"Total";686397;"n"
2014;"Total";"Total";"Total";"Total";12.7626;"%"
2014;"Total";"M";"Total";"Total";366260;"n"
2014;"Total";"M";"Total";"Total";13.506;"%"
2014;"Total";"F";"Total";"Total";320137;"n"
2014;"Total";"F";"Total";"Total";12.0066;"%"
2014;"Total";"Total";"CH";"Total";427123;"n"
2014;"Total";"Total";"CH";"Total";10.9627;"%"
2014;"Total";"Total";"AUSL";"Total";259274;"n"
2014;"Total";"Total";"AUSL";"Total";17.4947;"%"
2014;"Total";"Total";"Total";"18-24";68055;"n"
2014;"Total";"Total";"Total";"18-24";10.0073;"%"
2014;"Total";"Total";"Total";"25-39";208062;"n"
2014;"Total";"Total";"Total";"25-39";12.2345;"%"
2014;"Total";"Total";"Total";"40-54";239887;"n"
2014;"Total";"Total";"Total";"40-54";12.6092;"%"
2014;"Total";"Total";"Total";"55-65";170393;"n"
2014;"Total";"Total";"Total";"55-65";15.5606;"%"
2014;"ALV";"Total";"Total";"Total";300504;"n"
2014;"ALV";"Total";"Total";"Total";5.5875;"%"
2014;"ALV";"M";"Total";"Total";166062;"n"
2014;"ALV";"M";"Total";"Total";6.1236;"%"
2014;"ALV";"F";"Total";"Total";134442;"n"
2014;"ALV";"F";"Total";"Total";5.0422;"%"
2014;"ALV";"Total";"CH";"Total";164234;"n"
2014;"ALV";"Total";"CH";"Total";4.2153;"%"
2014;"ALV";"Total";"AUSL";"Total";136270;"n"
2014;"ALV";"Total";"AUSL";"Total";9.1949;"%"
2014;"ALV";"Total";"Total";"18-24";37447;"n"
2014;"ALV";"Total";"Total";"18-24";5.5065;"%"
2014;"ALV";"Total";"Total";"25-39";122671;"n"
2014;"ALV";"Total";"Total";"25-39";7.2133;"%"
2014;"ALV";"Total";"Total";"40-54";99917;"n"
2014;"ALV";"Total";"Total";"40-54";5.2519;"%"
2014;"ALV";"Total";"Total";"55-65";40469;"n"
2014;"ALV";"Total";"Total";"55-65";3.6957;"%"
2014;"SH";"Total";"Total";"Total";179963;"n"
2014;"SH";"Total";"Total";"Total";3.3462;"%"
2014;"SH";"M";"Total";"Total";90533;"n"
2014;"SH";"M";"Total";"Total";3.3384;"%"
2014;"SH";"F";"Total";"Total";89430;"n"
2014;"SH";"F";"Total";"Total";3.354;"%"
2014;"SH";"Total";"CH";"Total";95505;"n"
2014;"SH";"Total";"CH";"Total";2.4513;"%"
2014;"SH";"Total";"AUSL";"Total";84458;"n"
2014;"SH";"Total";"AUSL";"Total";5.6989;"%"
2014;"SH";"Total";"Total";"18-24";25915;"n"
2014;"SH";"Total";"Total";"18-24";3.8107;"%"
2014;"SH";"Total";"Total";"25-39";62975;"n"
2014;"SH";"Total";"Total";"25-39";3.7031;"%"
2014;"SH";"Total";"Total";"40-54";63783;"n"
2014;"SH";"Total";"Total";"40-54";3.3526;"%"
2014;"SH";"Total";"Total";"55-65";27290;"n"
2014;"SH";"Total";"Total";"55-65";2.4922;"%"
2014;"IV";"Total";"Total";"Total";242525;"n"
2014;"IV";"Total";"Total";"Total";4.5094;"%"
2014;"IV";"M";"Total";"Total";129834;"n"
2014;"IV";"M";"Total";"Total";4.7877;"%"
2014;"IV";"F";"Total";"Total";112691;"n"
2014;"IV";"F";"Total";"Total";4.2264;"%"
2014;"IV";"Total";"CH";"Total";188303;"n"
2014;"IV";"Total";"CH";"Total";4.833;"%"
2014;"IV";"Total";"AUSL";"Total";54222;"n"
2014;"IV";"Total";"AUSL";"Total";3.6587;"%"
2014;"IV";"Total";"Total";"18-24";8872;"n"
2014;"IV";"Total";"Total";"18-24";1.3046;"%"
2014;"IV";"Total";"Total";"25-39";34911;"n"
2014;"IV";"Total";"Total";"25-39";2.0528;"%"
2014;"IV";"Total";"Total";"40-54";89697;"n"
2014;"IV";"Total";"Total";"40-54";4.7148;"%"
2014;"IV";"Total";"Total";"55-65";109045;"n"
2014;"IV";"Total";"Total";"55-65";9.9582;"%"
2013;"Total";"Total";"Total";"Total";679352;"n"
2013;"Total";"Total";"Total";"Total";12.7598;"%"
2013;"Total";"M";"Total";"Total";361247;"n"
2013;"Total";"M";"Total";"Total";13.4641;"%"
2013;"Total";"F";"Total";"Total";318105;"n"
2013;"Total";"F";"Total";"Total";12.0444;"%"
2013;"Total";"Total";"CH";"Total";425415;"n"
2013;"Total";"Total";"CH";"Total";10.9435;"%"
2013;"Total";"Total";"AUSL";"Total";253937;"n"
2013;"Total";"Total";"AUSL";"Total";17.6744;"%"
2013;"Total";"Total";"Total";"18-24";68827;"n"
2013;"Total";"Total";"Total";"18-24";10.1191;"%"
2013;"Total";"Total";"Total";"25-39";203921;"n"
2013;"Total";"Total";"Total";"25-39";12.1852;"%"
2013;"Total";"Total";"Total";"40-54";238439;"n"
2013;"Total";"Total";"Total";"40-54";12.5823;"%"
2013;"Total";"Total";"Total";"55-65";168165;"n"
2013;"Total";"Total";"Total";"55-65";15.6371;"%"
2013;"ALV";"Total";"Total";"Total";294047;"n"
2013;"ALV";"Total";"Total";"Total";5.5229;"%"
2013;"ALV";"M";"Total";"Total";161640;"n"
2013;"ALV";"M";"Total";"Total";6.0245;"%"
2013;"ALV";"F";"Total";"Total";132407;"n"
2013;"ALV";"F";"Total";"Total";5.0133;"%"
2013;"ALV";"Total";"CH";"Total";162487;"n"
2013;"ALV";"Total";"CH";"Total";4.1798;"%"
2013;"ALV";"Total";"AUSL";"Total";131560;"n"
2013;"ALV";"Total";"AUSL";"Total";9.1568;"%"
2013;"ALV";"Total";"Total";"18-24";38335;"n"
2013;"ALV";"Total";"Total";"18-24";5.6361;"%"
2013;"ALV";"Total";"Total";"25-39";119961;"n"
2013;"ALV";"Total";"Total";"25-39";7.1682;"%"
2013;"ALV";"Total";"Total";"40-54";97376;"n"
2013;"ALV";"Total";"Total";"40-54";5.1385;"%"
2013;"ALV";"Total";"Total";"55-65";38375;"n"
2013;"ALV";"Total";"Total";"55-65";3.5684;"%"
2013;"SH";"Total";"Total";"Total";175105;"n"
2013;"SH";"Total";"Total";"Total";3.2889;"%"
2013;"SH";"M";"Total";"Total";87376;"n"
2013;"SH";"M";"Total";"Total";3.2566;"%"
2013;"SH";"F";"Total";"Total";87729;"n"
2013;"SH";"F";"Total";"Total";3.3217;"%"
2013;"SH";"Total";"CH";"Total";92854;"n"
2013;"SH";"Total";"CH";"Total";2.3886;"%"
2013;"SH";"Total";"AUSL";"Total";82251;"n"
2013;"SH";"Total";"AUSL";"Total";5.7248;"%"
2013;"SH";"Total";"Total";"18-24";26030;"n"
2013;"SH";"Total";"Total";"18-24";3.827;"%"
2013;"SH";"Total";"Total";"25-39";61776;"n"
2013;"SH";"Total";"Total";"25-39";3.6914;"%"
2013;"SH";"Total";"Total";"40-54";61877;"n"
2013;"SH";"Total";"Total";"40-54";3.2652;"%"
2013;"SH";"Total";"Total";"55-65";25422;"n"
2013;"SH";"Total";"Total";"55-65";2.3639;"%"
2013;"IV";"Total";"Total";"Total";247020;"n"
2013;"IV";"Total";"Total";"Total";4.6396;"%"
2013;"IV";"M";"Total";"Total";132243;"n"
2013;"IV";"M";"Total";"Total";4.9288;"%"
2013;"IV";"F";"Total";"Total";114777;"n"
2013;"IV";"F";"Total";"Total";4.3458;"%"
2013;"IV";"Total";"CH";"Total";191095;"n"
2013;"IV";"Total";"CH";"Total";4.9158;"%"
2013;"IV";"Total";"AUSL";"Total";55925;"n"
2013;"IV";"Total";"AUSL";"Total";3.8925;"%"
2013;"IV";"Total";"Total";"18-24";8764;"n"
2013;"IV";"Total";"Total";"18-24";1.2885;"%"
2013;"IV";"Total";"Total";"25-39";34913;"n"
2013;"IV";"Total";"Total";"25-39";2.0862;"%"
2013;"IV";"Total";"Total";"40-54";92817;"n"
2013;"IV";"Total";"Total";"40-54";4.8979;"%"
2013;"IV";"Total";"Total";"55-65";110526;"n"
2013;"IV";"Total";"Total";"55-65";10.2774;"%"
2012;"Total";"Total";"Total";"Total";659712;"n"
2012;"Total";"Total";"Total";"Total";12.5242;"%"
2012;"Total";"M";"Total";"Total";347896;"n"
2012;"Total";"M";"Total";"Total";13.1129;"%"
2012;"Total";"F";"Total";"Total";311816;"n"
2012;"Total";"F";"Total";"Total";11.9269;"%"
2012;"Total";"Total";"CH";"Total";418087;"n"
2012;"Total";"Total";"CH";"Total";10.7742;"%"
2012;"Total";"Total";"AUSL";"Total";241625;"n"
2012;"Total";"Total";"AUSL";"Total";17.4202;"%"
2012;"Total";"Total";"Total";"18-24";67559;"n"
2012;"Total";"Total";"Total";"18-24";9.9377;"%"
2012;"Total";"Total";"Total";"25-39";192972;"n"
2012;"Total";"Total";"Total";"25-39";11.7272;"%"
2012;"Total";"Total";"Total";"40-54";232838;"n"
2012;"Total";"Total";"Total";"40-54";12.364;"%"
2012;"Total";"Total";"Total";"55-65";166343;"n"
2012;"Total";"Total";"Total";"55-65";15.7082;"%"
2012;"ALV";"Total";"Total";"Total";276953;"n"
2012;"ALV";"Total";"Total";"Total";5.2578;"%"
2012;"ALV";"M";"Total";"Total";149241;"n"
2012;"ALV";"M";"Total";"Total";5.6252;"%"
2012;"ALV";"F";"Total";"Total";127712;"n"
2012;"ALV";"F";"Total";"Total";4.885;"%"
2012;"ALV";"Total";"CH";"Total";155246;"n"
2012;"ALV";"Total";"CH";"Total";4.0007;"%"
2012;"ALV";"Total";"AUSL";"Total";121707;"n"
2012;"ALV";"Total";"AUSL";"Total";8.7746;"%"
2012;"ALV";"Total";"Total";"18-24";37699;"n"
2012;"ALV";"Total";"Total";"18-24";5.5454;"%"
2012;"ALV";"Total";"Total";"25-39";111337;"n"
2012;"ALV";"Total";"Total";"25-39";6.7661;"%"
2012;"ALV";"Total";"Total";"40-54";91283;"n"
2012;"ALV";"Total";"Total";"40-54";4.8472;"%"
2012;"ALV";"Total";"Total";"55-65";36634;"n"
2012;"ALV";"Total";"Total";"55-65";3.4594;"%"
2012;"SH";"Total";"Total";"Total";168601;"n"
2012;"SH";"Total";"Total";"Total";3.2008;"%"
2012;"SH";"M";"Total";"Total";83948;"n"
2012;"SH";"M";"Total";"Total";3.1642;"%"
2012;"SH";"F";"Total";"Total";84653;"n"
2012;"SH";"F";"Total";"Total";3.238;"%"
2012;"SH";"Total";"CH";"Total";90408;"n"
2012;"SH";"Total";"CH";"Total";2.3298;"%"
2012;"SH";"Total";"AUSL";"Total";78193;"n"
2012;"SH";"Total";"AUSL";"Total";5.6374;"%"
2012;"SH";"Total";"Total";"18-24";25558;"n"
2012;"SH";"Total";"Total";"18-24";3.7595;"%"
2012;"SH";"Total";"Total";"25-39";59126;"n"
2012;"SH";"Total";"Total";"25-39";3.5932;"%"
2012;"SH";"Total";"Total";"40-54";59971;"n"
2012;"SH";"Total";"Total";"40-54";3.1845;"%"
2012;"SH";"Total";"Total";"55-65";23946;"n"
2012;"SH";"Total";"Total";"55-65";2.2613;"%"
2012;"IV";"Total";"Total";"Total";251388;"n"
2012;"IV";"Total";"Total";"Total";4.7724;"%"
2012;"IV";"M";"Total";"Total";134895;"n"
2012;"IV";"M";"Total";"Total";5.0844;"%"
2012;"IV";"F";"Total";"Total";116493;"n"
2012;"IV";"F";"Total";"Total";4.4558;"%"
2012;"IV";"Total";"CH";"Total";194038;"n"
2012;"IV";"Total";"CH";"Total";5.0004;"%"
2012;"IV";"Total";"AUSL";"Total";57350;"n"
2012;"IV";"Total";"AUSL";"Total";4.1347;"%"
2012;"IV";"Total";"Total";"18-24";8698;"n"
2012;"IV";"Total";"Total";"18-24";1.2794;"%"
2012;"IV";"Total";"Total";"25-39";35117;"n"
2012;"IV";"Total";"Total";"25-39";2.1341;"%"
2012;"IV";"Total";"Total";"40-54";95411;"n"
2012;"IV";"Total";"Total";"40-54";5.0664;"%"
2012;"IV";"Total";"Total";"55-65";112162;"n"
2012;"IV";"Total";"Total";"55-65";10.5918;"%"
2011;"Total";"Total";"Total";"Total";655231;"n"
2011;"Total";"Total";"Total";"Total";12.5496;"%"
2011;"Total";"M";"Total";"Total";343677;"n"
2011;"Total";"M";"Total";"Total";13.0805;"%"
2011;"Total";"F";"Total";"Total";311554;"n"
2011;"Total";"F";"Total";"Total";12.0118;"%"
2011;"Total";"Total";"CH";"Total";420921;"n"
2011;"Total";"Total";"CH";"Total";10.859;"%"
2011;"Total";"Total";"AUSL";"Total";234310;"n"
2011;"Total";"Total";"AUSL";"Total";17.4222;"%"
2011;"Total";"Total";"Total";"18-24";66206;"n"
2011;"Total";"Total";"Total";"18-24";9.7794;"%"
2011;"Total";"Total";"Total";"25-39";190022;"n"
2011;"Total";"Total";"Total";"25-39";11.6684;"%"
2011;"Total";"Total";"Total";"40-54";231808;"n"
2011;"Total";"Total";"Total";"40-54";12.3974;"%"
2011;"Total";"Total";"Total";"55-65";167195;"n"
2011;"Total";"Total";"Total";"55-65";15.987;"%"
2011;"ALV";"Total";"Total";"Total";286289;"n"
2011;"ALV";"Total";"Total";"Total";5.4833;"%"
2011;"ALV";"M";"Total";"Total";151849;"n"
2011;"ALV";"M";"Total";"Total";5.7794;"%"
2011;"ALV";"F";"Total";"Total";134440;"n"
2011;"ALV";"F";"Total";"Total";5.1833;"%"
2011;"ALV";"Total";"CH";"Total";164239;"n"
2011;"ALV";"Total";"CH";"Total";4.2371;"%"
2011;"ALV";"Total";"AUSL";"Total";122050;"n"
2011;"ALV";"Total";"AUSL";"Total";9.0751;"%"
2011;"ALV";"Total";"Total";"18-24";38820;"n"
2011;"ALV";"Total";"Total";"18-24";5.7342;"%"
2011;"ALV";"Total";"Total";"25-39";113630;"n"
2011;"ALV";"Total";"Total";"25-39";6.9775;"%"
2011;"ALV";"Total";"Total";"40-54";94242;"n"
2011;"ALV";"Total";"Total";"40-54";5.0402;"%"
2011;"ALV";"Total";"Total";"55-65";39597;"n"
2011;"ALV";"Total";"Total";"55-65";3.7862;"%"
2011;"SH";"Total";"Total";"Total";156693;"n"
2011;"SH";"Total";"Total";"Total";3.0011;"%"
2011;"SH";"M";"Total";"Total";78041;"n"
2011;"SH";"M";"Total";"Total";2.9703;"%"
2011;"SH";"F";"Total";"Total";78652;"n"
2011;"SH";"F";"Total";"Total";3.0324;"%"
2011;"SH";"Total";"CH";"Total";85265;"n"
2011;"SH";"Total";"CH";"Total";2.1997;"%"
2011;"SH";"Total";"AUSL";"Total";71428;"n"
2011;"SH";"Total";"AUSL";"Total";5.3111;"%"
2011;"SH";"Total";"Total";"18-24";23842;"n"
2011;"SH";"Total";"Total";"18-24";3.5217;"%"
2011;"SH";"Total";"Total";"25-39";55209;"n"
2011;"SH";"Total";"Total";"25-39";3.3902;"%"
2011;"SH";"Total";"Total";"40-54";55991;"n"
2011;"SH";"Total";"Total";"40-54";2.9945;"%"
2011;"SH";"Total";"Total";"55-65";21651;"n"
2011;"SH";"Total";"Total";"55-65";2.0702;"%"
2011;"IV";"Total";"Total";"Total";254817;"n"
2011;"IV";"Total";"Total";"Total";4.8805;"%"
2011;"IV";"M";"Total";"Total";137091;"n"
2011;"IV";"M";"Total";"Total";5.2177;"%"
2011;"IV";"F";"Total";"Total";117726;"n"
2011;"IV";"F";"Total";"Total";4.5389;"%"
2011;"IV";"Total";"CH";"Total";196119;"n"
2011;"IV";"Total";"CH";"Total";5.0595;"%"
2011;"IV";"Total";"AUSL";"Total";58698;"n"
2011;"IV";"Total";"AUSL";"Total";4.3645;"%"
2011;"IV";"Total";"Total";"18-24";8408;"n"
2011;"IV";"Total";"Total";"18-24";1.242;"%"
2011;"IV";"Total";"Total";"25-39";35429;"n"
2011;"IV";"Total";"Total";"25-39";2.1755;"%"
2011;"IV";"Total";"Total";"40-54";97705;"n"
2011;"IV";"Total";"Total";"40-54";5.2254;"%"
2011;"IV";"Total";"Total";"55-65";113275;"n"
2011;"IV";"Total";"Total";"55-65";10.8313;"%"
2010;"Total";"Total";"Total";"Total";684030;"n"
2010;"Total";"Total";"Total";"Total";13.2256;"%"
2010;"Total";"M";"Total";"Total";364544;"n"
2010;"Total";"M";"Total";"Total";14.0116;"%"
2010;"Total";"F";"Total";"Total";319486;"n"
2010;"Total";"F";"Total";"Total";12.43;"%"
2010;"Total";"Total";"CH";"Total";441919;"n"
2010;"Total";"Total";"CH";"Total";11.4281;"%"
2010;"Total";"Total";"AUSL";"Total";242111;"n"
2010;"Total";"Total";"AUSL";"Total";18.5513;"%"
2010;"Total";"Total";"Total";"18-24";73712;"n"
2010;"Total";"Total";"Total";"18-24";10.9457;"%"
2010;"Total";"Total";"Total";"25-39";203306;"n"
2010;"Total";"Total";"Total";"25-39";12.588;"%"
2010;"Total";"Total";"Total";"40-54";239420;"n"
2010;"Total";"Total";"Total";"40-54";12.9325;"%"
2010;"Total";"Total";"Total";"55-65";167592;"n"
2010;"Total";"Total";"Total";"55-65";16.2362;"%"
2010;"ALV";"Total";"Total";"Total";320150;"n"
2010;"ALV";"Total";"Total";"Total";6.19;"%"
2010;"ALV";"M";"Total";"Total";174687;"n"
2010;"ALV";"M";"Total";"Total";6.7143;"%"
2010;"ALV";"F";"Total";"Total";145463;"n"
2010;"ALV";"F";"Total";"Total";5.6594;"%"
2010;"ALV";"Total";"CH";"Total";187518;"n"
2010;"ALV";"Total";"CH";"Total";4.8493;"%"
2010;"ALV";"Total";"AUSL";"Total";132632;"n"
2010;"ALV";"Total";"AUSL";"Total";10.1627;"%"
2010;"ALV";"Total";"Total";"18-24";47720;"n"
2010;"ALV";"Total";"Total";"18-24";7.0861;"%"
2010;"ALV";"Total";"Total";"25-39";129056;"n"
2010;"ALV";"Total";"Total";"25-39";7.9907;"%"
2010;"ALV";"Total";"Total";"40-54";102581;"n"
2010;"ALV";"Total";"Total";"40-54";5.541;"%"
2010;"ALV";"Total";"Total";"55-65";40793;"n"
2010;"ALV";"Total";"Total";"55-65";3.952;"%"
2010;"SH";"Total";"Total";"Total";147155;"n"
2010;"SH";"Total";"Total";"Total";2.8452;"%"
2010;"SH";"M";"Total";"Total";73447;"n"
2010;"SH";"M";"Total";"Total";2.823;"%"
2010;"SH";"F";"Total";"Total";73708;"n"
2010;"SH";"F";"Total";"Total";2.8677;"%"
2010;"SH";"Total";"CH";"Total";80402;"n"
2010;"SH";"Total";"CH";"Total";2.0792;"%"
2010;"SH";"Total";"AUSL";"Total";66753;"n"
2010;"SH";"Total";"AUSL";"Total";5.1148;"%"
2010;"SH";"Total";"Total";"18-24";22585;"n"
2010;"SH";"Total";"Total";"18-24";3.3537;"%"
2010;"SH";"Total";"Total";"25-39";52478;"n"
2010;"SH";"Total";"Total";"25-39";3.2493;"%"
2010;"SH";"Total";"Total";"40-54";52554;"n"
2010;"SH";"Total";"Total";"40-54";2.8388;"%"
2010;"SH";"Total";"Total";"55-65";19538;"n"
2010;"SH";"Total";"Total";"55-65";1.8928;"%"
2010;"IV";"Total";"Total";"Total";257697;"n"
2010;"IV";"Total";"Total";"Total";4.9825;"%"
2010;"IV";"M";"Total";"Total";138859;"n"
2010;"IV";"M";"Total";"Total";5.3372;"%"
2010;"IV";"F";"Total";"Total";118838;"n"
2010;"IV";"F";"Total";"Total";4.6235;"%"
2010;"IV";"Total";"CH";"Total";197910;"n"
2010;"IV";"Total";"CH";"Total";5.118;"%"
2010;"IV";"Total";"AUSL";"Total";59787;"n"
2010;"IV";"Total";"AUSL";"Total";4.5811;"%"
2010;"IV";"Total";"Total";"18-24";8063;"n"
2010;"IV";"Total";"Total";"18-24";1.1973;"%"
2010;"IV";"Total";"Total";"25-39";35768;"n"
2010;"IV";"Total";"Total";"25-39";2.2146;"%"
2010;"IV";"Total";"Total";"40-54";99752;"n"
2010;"IV";"Total";"Total";"40-54";5.3882;"%"
2010;"IV";"Total";"Total";"55-65";114114;"n"
2010;"IV";"Total";"Total";"55-65";11.0553;"%"

